"DESCRIPTION","DURATION IN MS","NAME","PARENT SUITE","START TIME","STATUS","STOP TIME","SUB SUITE","SUITE","TEST CLASS","TEST METHOD"
"","123","test_authorinfo_login_fail[a]","case","2026-05-31","passed","2026-05-31","TestAuthorInfo","test_getAuthhorinfo","",""
"","137","test_add[login1]","case","2026-05-31","passed","2026-05-31","TestAdd","test_add","",""
"","149","test_authorinfo_login_fail[0.1]","case","2026-05-31","passed","2026-05-31","TestAuthorInfo","test_getAuthhorinfo","",""
"","127","test_authorinfo_nologin","case","2026-05-31","passed","2026-05-31","TestAuthorInfo","test_getAuthhorinfo","",""
"","145","test_list_nologin","case","2026-05-31","passed","2026-05-31","TestList","test_list","",""
"","116","test_userinfo_login_fail[0]","case","2026-05-31","passed","2026-05-31","TestUserInfo","test_getUserinfo","",""
"","118","test_detail_nologin","case","2026-05-31","passed","2026-05-31","TestDetail","test_detail","",""
"","150","test_login_fail[login4]","case","2026-05-31","passed","2026-05-31","TestLogin","test_login","",""
"","126","test_authorinfo_login_fail[9999999]","case","2026-05-31","passed","2026-05-31","TestAuthorInfo","test_getAuthhorinfo","",""
"","143","test_userinfo_login_fail[]","case","2026-05-31","passed","2026-05-31","TestUserInfo","test_getUserinfo","",""
"","133","test_detail_login","case","2026-05-31","passed","2026-05-31","TestDetail","test_detail","",""
"","170","test_userinfo_login","case","2026-05-31","passed","2026-05-31","TestUserInfo","test_getUserinfo","",""
"","128","test_login_fail[login1]","case","2026-05-31","passed","2026-05-31","TestLogin","test_login","",""
"","128","test_authorinfo_login_fail[]","case","2026-05-31","passed","2026-05-31","TestAuthorInfo","test_getAuthhorinfo","",""
"","138","test_authorinfo_login_fail[0]","case","2026-05-31","passed","2026-05-31","TestAuthorInfo","test_getAuthhorinfo","",""
"","162","test_login_success[login1]","case","2026-05-31","passed","2026-05-31","TestLogin","test_login","",""
"","141","test_detail_fail[0]","case","2026-05-31","passed","2026-05-31","TestDetail","test_detail","",""
"","1197","test_detail_fail[]","case","2026-05-31","passed","2026-05-31","TestDetail","test_detail","",""
"","122","test_add_nologin","case","2026-05-31","passed","2026-05-31","TestAdd","test_add","",""
"","131","test_login_fail[login3]","case","2026-05-31","passed","2026-05-31","TestLogin","test_login","",""
"","241","test_list_login","case","2026-05-31","passed","2026-05-31","TestList","test_list","",""
"","143","test_authorinfo_login_fail[-1]","case","2026-05-31","passed","2026-05-31","TestAuthorInfo","test_getAuthhorinfo","",""
"","126","test_userinfo_login_fail[-1]","case","2026-05-31","passed","2026-05-31","TestUserInfo","test_getUserinfo","",""
"","134","test_detail_fail[-1]","case","2026-05-31","passed","2026-05-31","TestDetail","test_detail","",""
"","146","test_login_success[login0]","case","2026-05-31","passed","2026-05-31","TestLogin","test_login","",""
"","126","test_detail_fail[a]","case","2026-05-31","passed","2026-05-31","TestDetail","test_detail","",""
"","176","test_add[login3]","case","2026-05-31","passed","2026-05-31","TestAdd","test_add","",""
"","111","test_userinfo_nologin","case","2026-05-31","passed","2026-05-31","TestUserInfo","test_getUserinfo","",""
"","132","test_userinfo_login_fail[a]","case","2026-05-31","passed","2026-05-31","TestUserInfo","test_getUserinfo","",""
"","143","test_login_fail[login0]","case","2026-05-31","passed","2026-05-31","TestLogin","test_login","",""
"","125","test_detail_fail[123456789]","case","2026-05-31","passed","2026-05-31","TestDetail","test_detail","",""
"","139","test_login_fail[login6]","case","2026-05-31","passed","2026-05-31","TestLogin","test_login","",""
"","149","test_login_fail[login2]","case","2026-05-31","passed","2026-05-31","TestLogin","test_login","",""
"","122","test_userinfo_login_fail[11111111111111111111]","case","2026-05-31","passed","2026-05-31","TestUserInfo","test_getUserinfo","",""
"","127","test_add[login0]","case","2026-05-31","passed","2026-05-31","TestAdd","test_add","",""
"","1188","test_add[login2]","case","2026-05-31","passed","2026-05-31","TestAdd","test_add","",""
"","112","test_login_fail[login5]","case","2026-05-31","passed","2026-05-31","TestLogin","test_login","",""
"","142","test_authorinfo_login","case","2026-05-31","passed","2026-05-31","TestAuthorInfo","test_getAuthhorinfo","",""
